{"eval/val_kl":0.751716211438179,"_runtime":15178.380856643,"train/grad_norm":1.4103612899780273,"eval/teacher_ce_val":2.4476446509361267,"eval/train_kl":0.7528411373496056,"_step":11115,"train/kl":0.6306697130203247,"eval/student_ce_val":3.292872190475464,"_wandb":{"runtime":15178},"train/lr":1.2916392046563897e-05,"eval/gap":-0.0011249259114265442,"_timestamp":1.7812148516968417e+09}