{"eval/kl_to_teacher":0.06179618928581476,"train/lr":0,"eval/student_ce_val":2.3120918571949005,"_wandb":{"runtime":3555},"_step":5000,"_runtime":3555.002678778,"_timestamp":1.7811856465135555e+09,"train/ce":2.318856954574585,"eval/teacher_ce_val":2.2928653061389923}